Country Name,Country Code,Access to electricity (% of population),"Compulsory education, duration (years)","Employment to population ratio, 15+, total (%) (modeled ILO estimate)","GDP per capita, PPP (current international $)",Individuals using the Internet (% of population),"Industry (including construction), value added per worker (constant 2015 US$)","Inflation, GDP deflator (annual %)",Land area (sq. km),Merchandise exports by the reporting economy (current US$),Military expenditure (% of GDP),Net migration,Population ages 15-64 (% of total population),Proportion of seats held by women in national parliaments (%),Renewable energy consumption (% of total final energy consumption),Urban population (% of total population),"Vulnerable employment, total (% of total employment) (modeled ILO estimate)",happiness_score,social_support,healthy_life_expectancy_at_birth,freedom_to_make_life_choices,generosity,perceptions_of_corruption,positive_affect,negative_affect
Afghanistan,AFG,33.5,6.0,42.893,1121.834470777486,2.10712,3349.1403566303256,7.199751292923878,652230.0,519370514.0,1.89623399634252,57673.0,47.872283121037,27.3092369477912,31.9,20.1104530189181,93.1873845507324,,,,,,,,
Angola,AGO,30.5,4.0,64.804,6017.818162525102,1.5,40145.95832436968,16.81441774097175,1246700.0,31758354815.0,3.76149530543532,95431.0,52.1113870058968,15.0,62.6,56.8939032662772,78.9800674798274,,,,,,,,
Albania,ALB,99.4,8.0,46.704,6374.632359164227,9.60999,13094.318460318034,2.68476832531357,27400.0,748459492.0,1.56776908873068,-48882.0,65.6110994839565,7.14285714285714,31.6,47.0701050949378,54.741597604276905,,,,,,,,
United Arab Emirates,ARE,100.0,6.0,74.934,106814.05364035604,52.0,121731.71960679415,11.96214928658415,71020.0,107605825170.0,3.2259744730463704,399306.0,80.9708730111197,5.0,0.1,82.5588968646829,0.260444486775702,6734.0,903.0,64.86,898.0,-42.0,203.0,694.0,275.0
Argentina,ARG,97.0,13.0,55.567,14843.577865964187,20.9272,34880.09571002011,13.741052485915231,2736690.0,45590378724.0,0.7882338774614689,-20109.0,63.2909967072682,35.0194552529183,9.2,90.3033726521064,20.257305104166733,6313.0,938.0,65.82,733.0,-0.16,852.0,748.0,328.0
Armenia,ARM,99.1,10.0,54.305,6072.759244798545,5.63179,12790.985686918864,4.618012508188272,28470.0,981266243.0,2.94761315625864,-29921.0,68.2658072878436,5.34351145038168,7.7,64.4758978663344,46.9942614799422,4289.0,682.0,63.84,0.52,-232.0,0.85,453.0,469.0
Australia,AUS,100.0,11.0,61.747,34890.22481366933,66.0,109018.22404582342,5.111663917274044,7682300.0,120031910718.0,1.8177309027711,191985.0,67.4173909650197,24.6666666666667,6.8,85.7492544263523,11.56781143998622,,,,,,,,
Austria,AUT,100.0,9.0,55.447,37388.07953807646,63.6,87699.36836909363,2.0446199795761686,82520.0,136361092784.00002,0.791400408855326,25787.0,67.5530177305078,32.2404371584699,26.6,67.0006968062814,11.48292147183258,7122.0,936.0,69.5,941.0,298.0,0.49,746.0,174.0
Azerbaijan,AZE,99.5,9.0,60.511,9398.013247942634,11.9922,30350.929834240684,11.32918832807215,82637.0,6365806096.0,3.41775933255807,16909.0,69.0272551536037,11.2903225806452,2.9,52.6540145874023,57.532628196492,4728.0,854.0,60.58,772.0,-237.0,774.0,469.0,276.0
Burundi,BDI,2.7,,74.981,579.707804423789,0.657593,3469.3734884711694,2.8456663337667294,25680.0,46876050.0,3.51171845179021,15322.0,52.108883979009,30.5084745762712,95.3,9.4646291775586,87.14862827668699,,,,,,,,
Belgium,BEL,100.0,12.0,48.73,35251.44506975928,61.9819,82147.70955577091,2.264716189332617,30333.0,363258278642.0,1.05612306878486,53574.0,65.8063026840218,34.6666666666667,2.9,83.8578905877926,11.94333915724396,,,,,,,,
Benin,BEN,27.9,6.0,71.17,2020.6056773472208,1.53785,2236.3315597802766,2.0943170727907585,112760.0,224593045.0,0.665723323947751,-15135.0,52.503341101053,7.2289156626506,57.3,40.7877794072449,84.3041154716285,3.33,445.0,51.96,0.58,-11.0,0.79,521.0,309.0
Burkina Faso,BFA,11.6,10.0,77.783,1244.0024384431906,0.632708,2450.345024878149,-0.6628268224665561,273600.0,352025404.0,1.11032179719724,-4218.0,51.8834876764915,11.7117117117117,84.8,22.5528306908743,80.7949615885477,3801.0,796.0,49.44,588.0,0.03,798.0,678.0,266.0
Bangladesh,BGD,50.5,5.0,55.986,2195.294854609936,1.0,2561.4842505394886,5.875935811099382,130170.0,9178715270.0,0.989838836982973,-1091865.0,60.7813908631262,15.0724637681159,48.6,25.9479149992596,64.1843947113788,4319.0,672.0,59.12,612.0,55.0,786.0,459.0,321.0
Bulgaria,BGR,91.2,9.0,47.358,10766.698266246309,27.09,9832.119267706254,6.756474452412135,108630.0,14434495739.0,2.08176190777138,-15184.0,69.0900572674298,22.0833333333333,10.0,70.5075225830078,8.51538041706174,,,,,,,,
Bahrain,BHR,100.0,9.0,66.04,48009.49174215039,28.244,60814.227344497565,8.842437331511405,740.0,2427206729.0,3.10294772848129,46615.0,75.0772155742204,2.5,0.0,92.7186075361661,2.167830375259049,,,,,,,,
Bosnia and Herzegovina,BIH,99.4,9.0,35.498,6484.252248547087,25.1224,8121.81282250341,7.800127947466791,51200.0,3467847024.0,1.38653346855639,-38622.0,69.6823151391293,14.2857142857143,18.1,44.4752743285185,23.45026178444824,,,,,,,,
Belarus,BLR,92.1,9.0,56.115,10994.598129104086,16.2,8148.43844554131,10.748615726121898,202904.0,19636128920.0,1.70941249195756,-8303.0,70.0414736164602,29.0909090909091,7.2,72.6113815307617,10.91602240603605,5658.0,918.0,60.06,707.0,-249.0,708.0,535.0,269.0
Belize,BLZ,91.0,8.0,55.252,9909.680144407768,24.0,19922.27598908896,3.222485207941574,22810.0,273296199.0,0.770603665352675,2321.0,58.5062795589111,6.66666666666667,32.7,46.4084814638913,29.01086737774197,,,,,,,,
Bolivia,BOL,76.2,8.0,67.341,5244.160212302093,6.20067,5906.041244598935,13.66367954035448,1083300.0,4078971426.0,1.46622698404757,-14107.0,58.674485167495,16.9230769230769,23.7,64.6631431424362,69.0915700718119,5374.0,834.0,60.9,0.77,-46.0,794.0,708.0,432.0
Brazil,BRA,97.6,8.0,61.143,11750.531243766773,28.1784,15546.701092819834,6.77427409299591,8358140.0,134820092742.99998,1.48108495636286,-90634.0,67.4452226030603,8.7719298245614,46.7,83.2672101364439,28.65726771910981,,,,,,,,
Bhutan,BTN,59.7,,67.356,4860.270171511018,4.51832,20923.789950109844,6.575123853514597,38117.0,414268351.0,,-1283.0,62.8569341509646,2.66666666666667,91.6,31.5664945864425,70.9298901199584,,,,,,,,
Botswana,BWA,39.7,,49.243,12562.96499327229,4.28993,68608.39768522675,5.154398360233699,566730.0,4506152400.0,2.75454609516549,4270.0,61.4855884170665,11.1111111111111,31.8,59.6421228144112,23.43619599543327,4739.0,883.0,48.84,824.0,-198.0,723.0,643.0,226.0
Central African Republic,CAF,7.8,10.0,68.479,743.2874802089827,0.311159,,3.334045938690693,622980.0,80816017.0,,-41282.0,52.7302648335987,10.4761904761905,90.8,38.134433681123,79.3420869490166,,,,,,,,
Canada,CAN,100.0,10.0,62.494,38122.64858903903,72.4,94302.9433036672,2.5701727249648627,8965590.0,388203314386.0,1.12252472932052,202175.0,69.3935234197471,20.7792207792208,21.5,80.219066099279,10.152505150323208,,,,,,,,
Switzerland,CHE,100.0,11.0,64.631,46265.68206792712,75.7,165029.62746352336,2.150258016103664,39516.245,147444764622.0,0.753808477874928,37308.0,68.0780955134239,25.0,18.1,73.5115823179813,11.8965524026726,7473.0,951.0,71.16,919.0,285.0,408.0,742.0,212.0
Chile,CHL,99.4,12.0,51.743,15510.77007394519,34.4978,39253.25365584523,12.349895920879176,743532.0,58840336946.0,2.50608218939499,17285.0,67.2458792583733,15.0,32.9,86.8125123390851,20.65577377314953,6063.0,836.0,67.78,744.0,163.0,634.0,752.0,348.0
China,CHN,98.2,9.0,69.079,5946.286828301852,10.5232,10662.0288652718,4.019457596965907,9388211.4,968289832000.0,1.8695916362794,-759559.0,72.353957155972,20.2684563758389,16.4,44.3430099487305,43.67227933578189,4.56,747.0,65.66,,,,658.0,0.17
Cote d'Ivoire,CIV,60.2,10.0,62.383,2941.821411689125,1.5249,,1.359538259600896,318000.0,7691077698.0,1.08657956101875,-124651.0,51.3997166079665,8.52017937219731,74.8,45.5035131674326,79.9846875006817,,,,,,,,
Cameroon,CMR,49.0,6.0,78.698,2704.4373980037653,2.02874,8356.028872818475,2.299674977861628,472710.0,3478223218.0,1.2297939429696698,-28528.0,52.8703765351532,8.88888888888889,85.5,49.2044173412861,79.6338638157894,3851.0,0.69,47.84,653.0,-17.0,907.0,588.0,271.0
"Congo, Dem. Rep.",COD,10.2,6.0,69.418,508.4008175183004,0.296054,3819.255858007426,15.43818016847483,2267050.0,2229452442.0,1.3246033223691,-29715.0,51.0465614987287,8.4,97.3,37.8024827128113,81.8416962420385,,,,,,,,
"Congo, Rep.",COG,34.9,10.0,54.573,4588.109248984645,2.00799,15962.858400044135,11.38030176257064,341500.0,7050047439.0,1.56934291857187,35475.0,56.1917429182034,8.52713178294574,69.3,61.6237792620651,76.74749124043794,,,,,,,,
Colombia,COL,95.7,10.0,57.452,9154.089261965108,15.3417,16484.684378574493,5.807660873304769,1109500.0,23227664712.0,3.2958249913522897,-39303.0,65.0269499484594,8.43373493975904,30.6,76.1619191918164,39.57659756471618,6025.0,0.91,66.32,805.0,-18.0,808.0,776.0,326.0
Comoros,COM,53.2,6.0,40.108,2145.9206695341427,2.2,4082.12024940892,5.950069403297036,1861.0,2588357.0,,-3020.0,51.5407943408301,3.03030303030303,61.8,28.1143215973031,64.2727562180213,,,,,,,,
Costa Rica,CRI,99.1,11.0,57.053,10799.511402898102,25.1,27730.43613378076,12.984310487293143,51060.0,8184447808.0,,4321.0,66.384288945592,38.5964912280702,42.4,66.1703051228767,26.52308619777779,7082.0,937.0,68.56,882.0,54.0,798.0,815.0,236.0
Cuba,CUB,96.9,9.0,53.028,,11.1596,17948.343404242616,10.36556120050227,106430.0,3408466330.0,,-12619.0,69.6488968152424,35.9605911330049,22.0,76.1121531072403,10.168579427297567,5418.0,0.97,68.0,281.0,,,596.0,277.0
Cyprus,CYP,100.0,10.0,60.392,28327.76171875,35.83,29905.93853242008,3.086106389133022,9240.0,1062407054.0,1.8999978625024,12110.0,70.2200171089644,14.2857142857143,3.5,68.2534151682801,15.14946894836602,6238.0,878.0,70.16,836.0,14.0,712.0,704.0,253.0
Czechia,CZE,100.0,9.0,55.04,23914.186244381093,47.93,27743.767960133013,0.6832401672808999,77250.0,94842643306.0,1.5681146841641898,26259.0,71.3012363375791,15.5,7.9,73.578883191735,12.082680899244094,,,,,,,,
Germany,DEU,100.0,13.0,52.934,34741.33534262244,72.16,72213.74975899517,0.4364139489443346,348720.0,1102718754895.0,1.17898651377886,-489056.0,66.2934869710793,31.5960912052117,8.6,80.1960996098884,7.81580271169644,,,,,,,,
Djibouti,DJI,55.5,10.0,24.761,,1.27004,,,23180.0,46498303.0,4.58763424043374,2719.0,58.4626719516128,10.7692307692308,33.0,71.0245352095823,34.26854471550917,,,,,,,,
Denmark,DNK,100.0,9.0,63.756,37392.32114138892,86.65,101261.81712386243,2.0885516217647506,40000.0,92465774510.0,1.37505574678224,10491.0,66.0847332006724,36.8715083798883,15.3,86.2501288149818,6.716017191347012,,,,,,,,
Dominican Republic,DOM,90.1,9.0,54.065,9130.069061455988,14.8449,17375.26477076816,6.644320695808048,48310.0,6195115848.0,0.683423360678412,-37170.0,62.5116359732828,19.6629213483146,18.0,69.333853706035,42.21032511980216,5088.0,919.0,65.36,858.0,35.0,755.0,733.0,274.0
Algeria,DZA,98.7,10.0,37.94,12791.3412605973,7.37598,24257.997607978563,10.78118375017216,2381740.0,55154833243.0,2.51370691443586,-44138.0,66.7675866401321,6.16966580976864,0.4,64.4154348614309,28.925076346436192,,,,,,,,
Ecuador,ECU,96.3,10.0,65.536,7884.516935944961,7.2,20272.42214061848,8.716585828817443,248360.0,12686276174.0,2.07919490158198,-12679.0,61.6374729995954,25.0,14.2,62.2099988435587,43.527849257882,5024.0,0.91,64.44,671.0,-94.0,901.0,785.0,357.0
"Egypt, Arab Rep.",EGY,99.0,9.0,42.043,7079.028084569187,13.66,17040.560334034595,7.359977730592874,995450.0,11068665493.0,2.60621860261331,-118055.0,61.7726766095686,2.03619909502262,6.2,42.9729991680104,17.085952823316177,,,,,,,,
Spain,ESP,100.0,10.0,52.947,30748.73963260914,50.37,53785.313437657,4.0724888213377,498980.0,205262840554.0,1.37000746147478,659720.0,68.9209409974025,36.0,8.5,77.4968648783202,12.9261182981476,,,,,,,,
Estonia,EST,100.0,9.0,56.919,19344.2638980902,63.51,22683.59730890212,8.978637650261277,42390.0,9610312247.0,1.38733380120574,-5351.0,67.9614858185266,18.8118811881188,17.2,67.5557177507269,7.533602573167944,5371.0,0.91,65.78,749.0,-268.0,797.0,589.0,215.0
Ethiopia,ETH,18.6,8.0,80.008,692.8669076567743,0.310593,1134.2317653348518,11.552349802423151,1128613.2,802978896.0,2.30714932404438,-30512.0,50.1251680689398,21.9281663516068,94.5,16.2148475646973,90.2641768330575,,,,,,,,
Finland,FIN,100.0,9.0,56.712,34440.37710391617,79.66,99631.48053799488,0.9201802135089848,304110.0,77180945705.0,1.44270225678265,10820.0,66.6004050513017,38.0,31.2,68.7588279849327,9.971853963991018,7672.0,965.0,68.72,969.0,-9.0,132.0,683.0,172.0
France,FRA,100.0,10.0,50.978,32423.522506879897,46.87,69768.37677384839,1.9973795313601244,538950.0,486069166553.0,1.97737744775679,132512.0,65.1001430906245,12.1951219512195,8.5,77.3467240068648,6.899356480146654,6583.0,944.0,70.8,789.0,122.0,699.0,694.0,289.0
Gabon,GAB,80.5,10.0,39.695,13637.259018899753,5.4892,143343.10728390832,9.868137277707774,257670.0,6008345257.0,1.28261921013258,10382.0,56.905718019249,12.5,86.2,84.0852434737431,35.87844600622291,,,,,,,,
United Kingdom,GBR,100.0,11.0,58.7,34727.4366712141,68.82,87805.23305128903,3.0755259187712056,241930.0,436965104430.0,2.36967440284241,288923.0,66.0498273294674,19.6594427244582,1.6,80.5464353583991,10.28812814714536,,,,,,,,
Georgia,GEO,100.0,9.0,59.74,5980.443904882263,7.52688,12991.444287675447,8.447305260347633,69490.0,925490395.0,5.218306950978271,-31729.0,66.4285429221375,9.36170212765957,37.2,53.3593916521584,64.2672602987726,3675.0,647.0,63.3,553.0,-0.27,752.0,353.0,269.0
Ghana,GHA,55.1,9.0,68.571,3103.226258203738,2.72318,5044.662522994284,84.68347182258756,227540.0,3566458639.0,0.262213532811969,28536.0,56.5474849681229,10.8695652173913,58.6,48.1388926229785,74.93139652097719,4535.0,728.0,52.54,849.0,212.0,814.0,637.0,198.0
Guinea,GIN,22.8,6.0,58.792,1452.9608316418678,0.637492,9405.688098894008,37.58406146611273,245720.0,499341729.0,,-48078.0,50.9529088580701,19.2982456140351,81.1,32.6868093037822,88.2376770806733,,,,,,,,
"Gambia, The",GMB,38.1,9.0,43.253,1930.818885376739,5.23769,2305.538936190157,1.303203997652176,10120.0,12003704.0,0.260242378391835,-2666.0,51.6738273239488,13.2075471698113,60.2,53.1603285370566,75.3707646812403,,,,,,,,
Greece,GRC,100.0,9.0,47.758,28076.12414163924,32.25,50518.11638493941,3.364536008256948,128900.0,21287220982.0,2.8296928818423503,27621.0,66.6821076980622,13.0,8.5,74.717750055608,28.3875313049692,,,,,,,,
Guatemala,GTM,83.7,16.0,60.393,5833.3869180176025,6.5,10441.432862588284,4.981332970711307,107160.0,5975823181.0,0.43182946456192,-42118.0,54.6453650856668,8.22784810126582,64.7,48.7676356188334,38.39339803372203,5901.0,0.83,58.98,663.0,0.17,706.0,789.0,287.0
Guyana,GUY,73.4,6.0,50.487,7345.940282122237,8.9,13488.397230828126,174.85770474256776,196850.0,564001979.0,0.805815134799291,-12575.0,61.0829990520003,28.9855072463768,36.8,27.4604582346121,31.55781466832501,,,,,,,,
"Hong Kong SAR, China",HKG,100.0,9.0,57.657,41745.501624930905,60.8,31719.94779406267,-0.5348686778211658,1050.0,316622924550.0,,10045.0,73.5671084923151,,0.1,100.0,6.964973613759839,5511.0,812.0,,0.91,151.0,356.0,591.0,236.0
Honduras,HND,71.3,9.0,57.717,3437.622963449028,7.8,7041.1226254983,5.348663465214855,111890.0,2087266096.0,0.692430000775615,-5450.0,56.5941044546883,23.4375,52.2,48.7790074235564,37.1164161867279,5397.0,933.0,63.1,0.65,88.0,844.0,837.0,155.0
Croatia,HRV,99.8,8.0,46.307,16641.214970266064,37.98,26280.58153849742,3.878934000034917,55964.0,9856996535.0,1.66641016588365,10852.0,66.6762593261968,21.7105263157895,25.5,55.4685969711483,15.082962524306067,,,,,,,,
Haiti,HTI,33.9,6.0,54.007,2503.659326819782,6.796,9175.593636071782,13.51831575322538,27560.0,610604647.0,,-26629.0,58.2863978997809,2.04081632653061,81.4,43.2846444920296,74.6181659275564,3754.0,694.0,6.72,449.0,359.0,854.0,583.0,332.0
Hungary,HUN,99.9,13.0,48.481,18361.99638715367,47.06,25078.53252581282,3.6722971559416777,89610.0,75080314531.0,1.21974188828371,19890.0,68.9747991605525,10.3626943005181,7.9,67.0155868530273,9.480708227624858,,,,,,,,
Indonesia,IDN,90.6,9.0,59.359,6583.351123580457,4.76481,13574.98860522684,14.08742441679263,1877519.0,100726675622.0,0.65870277762871,-75829.0,65.5803890198647,11.2727272727273,40.1,47.0017588692457,58.5840765475942,4947.0,771.0,60.32,713.0,346.0,915.0,715.0,266.0
India,IND,67.9,,53.938,3220.6269293940104,2.8055,4053.866771152905,8.400938217403706,2973190.0,120250822644.0,2.68038156022763,-342177.0,62.1494488498081,8.25688073394496,43.2,29.4309857146804,82.926212328015,5348.0,707.0,55.86,774.0,,855.0,576.0,199.0
Ireland,IRL,100.0,10.0,63.208,44222.65360341981,54.82,127800.00854201127,3.4198978452455293,68890.0,108297647355.0,0.513151243889595,94513.0,68.7427020967947,13.2530120481928,3.2,60.7703677431593,12.760321745271195,7144.0,967.0,69.62,943.0,237.0,473.0,815.0,209.0
"Iran, Islamic Rep.",IRN,98.4,8.0,40.076,15906.858138035996,8.76,17212.015688135703,14.582593033682857,1628760.0,68011518225.00001,3.31519380033441,640932.0,69.9453646284693,4.13793103448276,1.4,68.3101850492144,43.29189591799602,,,,,,,,
Iraq,IRQ,97.6,6.0,38.255,10223.106532255835,0.952344,25399.49816437558,23.054060591315945,437370.0,27881265675.0,1.89757172208062,-1206850.0,54.6653873587575,25.4545454545455,2.6,68.5590667282222,33.78983662501707,,,,,,,,
Iceland,ISL,100.0,10.0,74.714,39691.60627493467,89.51,95043.56937751066,8.678723710101366,100250.0,3452704466.0,,5300.0,66.8433298011676,33.3333333333333,64.2,92.1949009038813,11.396540786940056,,,,,,,,
Israel,ISR,100.0,11.0,55.56,26385.21256628413,27.8811,91139.38898238704,1.2758701564035988,21640.0,44971000000.0,5.85587278604162,11446.0,62.2360446470768,14.1666666666667,6.9,91.6825760364229,8.395121194080314,7173.0,927.0,71.08,817.0,,905.0,639.0,308.0
Italy,ITA,100.0,12.0,45.568,32453.648867558702,37.99,67959.69143872584,2.21589142791035,295718.0,413913531271.0,1.51434317166841,215995.0,65.9798087065192,17.3015873015873,7.5,67.6812550714834,18.19997819328399,,,,,,,,
Jamaica,JAM,88.7,6.0,60.65,8576.5315399634,16.4,14615.107086905542,8.848192937711573,10830.0,2026184554.0,0.608922318763779,-16840.0,64.3237284417528,11.6666666666667,4.8,52.9707359336549,35.490435845164164,6208.0,909.0,66.6,738.0,-9.0,946.0,753.0,201.0
Jordan,JOR,100.0,10.0,32.422,8045.640562150054,13.8671,22331.03303770346,10.64945154676282,88240.0,4774142597.0,4.65932400854871,502609.0,58.8324137505055,5.45454545454545,2.3,78.755612573541,11.56495998279733,,,,,,,,
Japan,JPN,100.0,9.0,57.89,33631.807635916055,68.6853,73523.61043806843,-0.8620183891915474,364500.0,646098993734.0,0.9029884189667,130065.0,65.3532182401032,9.375,4.4,87.1460898958075,10.93513265077364,,,,,,,,
Kazakhstan,KAZ,99.8,9.0,64.252,14965.772319567635,3.26837,29617.74925454809,21.551708909557902,2699700.0,38139781157.0,0.97899879573514,-21728.0,67.8624041762288,10.3896103896104,2.1,54.4137278108953,33.58994674106535,5476.0,872.0,58.0,731.0,-277.0,865.0,602.0,185.0
Kenya,KEN,26.4,8.0,71.274,2330.1302894116525,3.6,5945.098850470855,23.530133251010923,569140.0,3327546084.0,1.45517741016444,15767.0,53.6949401268285,7.30593607305936,77.6,28.9830768551925,60.2746055620568,4223.0,909.0,51.42,616.0,-31.0,0.86,657.0,198.0
Kyrgyz Republic,KGZ,98.9,9.0,62.588,2508.3884484280507,12.3069,1828.6919986767307,9.391617794683157,191800.0,796062979.0,3.16889818198754,-53469.0,63.0323983036289,0.0,27.8,35.2997926803498,35.323734988662,4641.0,844.0,59.92,678.0,-142.0,879.0,555.0,159.0
Cambodia,KHM,27.5,,80.087,2296.768578752745,0.468357,3652.032921070582,6.797285569949537,176520.0,3565674638.0,0.908700457988102,-60315.0,59.9501943961914,9.75609756097561,78.0,19.2299832388976,58.3368108249381,3569.0,793.0,57.64,,253.0,829.0,,341.0
"Korea, Rep.",KOR,100.0,9.0,59.463,27972.384762935075,78.1,62095.08367738259,-0.1631997929548703,96880.0,323736762020.0,2.29892381866626,-28434.0,71.8829906793385,13.3779264214047,0.9,81.566462110512,23.607264468376,5332.0,775.0,70.02,715.0,-56.0,799.0,545.0,338.0
Kuwait,KWT,100.0,9.0,67.199,89075.22451945955,28.7912,,16.176362845409713,17820.0,3277549813.0,3.54264578632145,97087.0,73.8239425288304,1.53846153846154,0.0,100.0,1.6585918590942612,6076.0,919.0,68.4,769.0,-241.0,328.0,788.0,182.0
Lao PDR,LAO,57.0,5.0,60.455,2776.6975232852706,1.16989,16215.74307805424,10.805101226387208,230800.0,1247880221.0,0.343162744772127,-25286.0,56.5160903541723,25.2173913043478,69.8,28.0378756242097,84.2659318985805,5076.0,807.0,55.88,925.0,438.0,688.0,0.79,163.0
Lebanon,LBN,99.4,9.0,39.822,10312.35333125512,15.0,17268.317610289072,0.8807375863752611,10230.0,2205796812.0,4.581430853340089,25126.0,66.0677397923634,4.6875,6.4,86.9323508787087,22.863278580480536,4653.0,853.0,65.16,0.67,66.0,902.0,501.0,0.32
Liberia,LBR,,6.0,75.344,815.2189170368366,,1294.0835001074302,9.134881629816334,96320.0,47816087.0,0.351713255184851,77946.0,53.7117208399883,12.5,87.6,46.2322959899902,79.3863767190707,,,,,,,,
Libya,LBY,88.4,9.0,38.137,28935.6615820305,4.30105,129365.43175764808,19.6795130437458,1759540.0,28896521066.0,1.12033540648601,3351.0,65.1201688368521,7.69230769230769,2.9,88.1599560242948,16.75544071713345,,,,,,,,
Sri Lanka,LKA,82.1,9.0,50.684,6260.679901548039,2.53757,8038.898580572679,11.277029447260077,62710.0,6211213300.0,2.79877359903086,-107045.0,67.5188163210737,4.88888888888889,62.2,15.4829275281105,44.41837700000181,4345.0,864.0,62.28,724.0,57.0,838.0,639.0,216.0
Lesotho,LSO,9.7,,58.101,1813.4444072345027,2.97971,4260.146341544286,9.310988480807056,30360.0,692910880.0,2.07422499066906,-11416.0,58.2563285241477,11.6666666666667,55.5,23.3329886243114,35.44936046707842,,,,,,,,
Lithuania,LTU,99.4,10.0,51.95,15522.357925729411,43.9,23537.97225824607,6.485068502656205,62680.0,14139348234.0,1.16779179996757,-24730.0,67.2387033122434,24.822695035461,17.5,66.6381530761719,15.84851413146984,5954.0,0.93,63.5,567.0,-299.0,967.0,567.0,254.0
Luxembourg,LUX,100.0,11.0,52.54,78861.1661045613,72.51,186801.73646783625,6.454674861274313,2574.46,22548254503.0,0.5207877126848101,5557.0,67.5361518908105,23.3333333333333,2.1,86.7738936810355,5.016174846141709,,,,,,,,
Latvia,LVA,99.6,11.0,54.804,14180.00177618775,53.63,22233.73215592144,10.226385069683658,62227.0,6140569240.0,1.79995995043083,-9211.0,68.4155748993255,19.0,34.0,67.873733661714,10.15669484210011,4.71,884.0,63.1,641.0,-234.0,937.0,0.59,234.0
Morocco,MAR,96.5,9.0,45.728,5780.6181640625,19.7712,10602.50698929942,1.4453667845756542,446300.0,11803775895.0,3.10979654916899,-72364.0,64.485289846318,10.7692307692308,18.2,55.9627589629824,45.4908977839474,,,,,,,,
Moldova,MDA,98.9,9.0,55.618,5271.389704353356,19.6206,8231.151926495952,13.418141240361734,32890.0,1046782087.0,0.48263447637712,-72061.0,70.4265391482682,21.7821782178218,5.0,39.2182388305664,47.575278376178005,5102.0,812.0,59.48,554.0,-167.0,926.0,553.0,255.0
Madagascar,MDG,16.8,5.0,83.984,1416.404659489982,0.607552,3968.159350219105,10.765637160438589,581540.0,892451903.0,0.977431205130634,-2336.0,52.2764257845394,6.875,85.9,26.7586741989468,82.96341205721521,3.98,711.0,54.14,,-38.0,,563.0,161.0
Maldives,MDV,91.7,7.0,48.579,12075.145574949083,11.0364,13477.200991503032,9.520633922325544,300.0,135603316.0,,5006.0,64.1406272403147,12.0,1.6,34.8678636610379,30.05689995329822,,,,,,,,
Mexico,MEX,99.1,11.0,58.704,14540.450049763636,19.52,33716.51096638241,6.1071543478173,1943950.0,249507728000.0,0.297483414235144,-244140.0,62.6279145676378,22.6,9.8,76.4982455683657,27.63923154031366,,,,,,,,
North Macedonia,MKD,99.0,9.0,33.871,8390.53213528686,28.62,9368.267646748069,3.252624178209757,25430.0,1841412517.0,1.8365376873582504,-9632.0,68.38985886208,28.3333333333333,19.8,57.8796574341199,22.4202094446327,,,,,,,,
Mali,MLI,16.6,9.0,69.286,1831.549245440696,0.729627,6215.48309990121,5.628436561165913,1220190.0,1526203315.0,1.39141541039687,-18247.0,50.547469523088,10.2040816326531,81.7,21.2987608960246,82.7023143612432,4014.0,761.0,49.94,555.0,-71.0,761.0,748.0,209.0
Malta,MLT,100.0,11.0,45.53,21918.383275500742,40.41,28840.840803276395,2.272241632936087,320.0,2781836431.0,0.655773991501952,997.0,69.5135086995086,9.23076923076923,0.2,93.7986874969541,10.71626132570338,,,,,,,,
Myanmar,MMR,48.4,5.0,65.676,2152.8673094702635,0.182048,1569.1594042372797,21.300498806661167,653470.0,6164184440.0,,-186098.0,65.1224186651098,,81.3,28.5517581878355,67.5808696197858,,,,,,,,
Montenegro,MNE,99.0,9.0,36.232,9855.453307206366,28.9,16455.728845461257,9.93705217145468,13450.0,553865690.0,2.2907131630738897,-2735.0,66.7728922761887,8.64197530864197,44.8,63.111308588912,14.42773054283841,,,,,,,,
Mongolia,MNG,77.0,12.0,54.931,5977.196887299506,,14442.682310450586,21.986771568091285,1557459.093,1541845784.0,0.961656696108958,-11934.0,67.2532469705549,6.57894736842105,4.5,63.8388366340039,57.80633127508463,,,,,,,,
Mozambique,MOZ,13.0,,81.927,798.3876676425415,0.842954,4112.033500327144,7.461344539657773,786380.0,2225767655.0,0.6039976509794389,-95333.0,51.9566703106758,34.8,93.1,30.1740801725307,86.6947578556493,4595.0,879.0,44.82,684.0,39.0,758.0,602.0,327.0
Mauritania,MRT,27.0,9.0,40.603,3341.707183550009,0.979661,19086.21878583794,14.09106292182365,1030700.0,853519724.0,2.69364721669718,-18033.0,52.6191906187161,17.8947368421053,39.1,41.3739934217664,55.4972847668534,,,,,,,,
Mauritius,MUS,99.0,11.0,53.689,12592.521894660826,16.7,11978.13369780566,11.26545615354651,2030.0,2111000313.0,0.153856508278369,-2757.0,70.0048782205454,17.1428571428571,16.4,40.9607687547567,17.80772354437789,,,,,,,,
Malawi,MWI,3.7,8.0,75.743,1124.4382691228984,0.425137,2275.294445266444,19.967259546473954,94280.0,690015631.0,0.552309217409022,-29450.0,49.9475952196961,13.6125654450262,82.8,15.1753987017157,62.66663724705077,3.83,554.0,45.36,767.0,175.0,676.0,609.0,222.0
Malaysia,MYS,98.8,6.0,58.448,17426.361167892042,51.638,29476.990955833026,3.980931673512416,328550.0,160596934062.0,2.00759740140051,232971.0,64.8652075378108,9.1324200913242,3.1,67.9191992840997,24.620384272551423,6012.0,866.0,65.08,837.0,198.0,0.74,687.0,243.0
Namibia,NAM,40.5,7.0,43.639,7373.758222118882,4.39887,30803.86858342945,9.406585812946048,823290.0,3372903132.0,2.50124939843779,-8792.0,58.0804387798006,26.9230769230769,35.8,37.6722151614564,34.38888388568685,,,,,,,,
Niger,NER,9.3,,77.335,935.175329354286,0.294034,2951.7726125933914,1.4961975811766308,1266700.0,325861643.0,,-10054.0,48.9805503434434,12.3893805309735,87.4,16.2675724894628,84.5396865724831,3737.0,677.0,50.14,0.75,76.0,755.0,746.0,179.0
Nigeria,NGA,47.6,9.0,78.89,4975.269793149666,5.54504,11655.530192731349,23.86438112654324,910770.0,84722166817.0,0.348375434095589,-12093.0,52.8996874632185,6.11111111111111,85.8,48.424271994461,71.3096751839936,4.71,735.0,50.22,649.0,84.0,871.0,772.0,178.0
Nicaragua,NIC,76.3,7.0,58.958,3657.967496914944,2.80557,6094.191360279444,7.867912047697189,120340.0,1039873209.0,0.5512559934868221,-32274.0,59.5380611274835,15.2173913043478,53.3,56.1058547675536,42.4252250484436,4.46,877.0,64.3,745.0,8.0,844.0,0.78,294.0
Netherlands,NLD,100.0,13.0,63.802,41208.04622047336,83.7,79112.99365034261,2.5766211479985657,33760.0,458574343238.0,1.38651514016655,-25401.0,67.4701630483335,36.6666666666667,3.1,84.6532280358545,10.649230749906277,,,,,,,,
Norway,NOR,100.0,10.0,65.855,54357.57481377869,82.55,244225.21612897428,8.73218826077158,365244.0,121940713561.0,1.44466802794409,24054.0,65.8779627224067,37.8698224852071,57.0,78.0877227783203,6.496241745004931,7416.0,959.0,69.4,0.96,103.0,397.0,767.0,197.0
Nepal,NPL,51.2,,36.804,1717.7861177943382,1.14139,1468.326262834198,7.360039279025443,143350.0,814915809.0,1.53003259651123,-241455.0,57.1113497546407,5.88235294117647,91.2,49.5059100328759,82.5999977990763,4567.0,874.0,59.66,689.0,,897.0,583.0,171.0
New Zealand,NZL,100.0,10.0,65.129,27732.34391240392,69.0,71369.40061860209,2.7096252436835044,263310.0,22007763921.0,1.24082789303303,14542.0,66.5032377317704,32.2314049586777,27.0,85.9356841665703,14.544646483865847,7305.0,946.0,69.72,932.0,306.0,224.0,825.0,219.0
Oman,OMN,99.9,,54.161,46091.182235184606,8.29972,142888.91812853824,14.563797606437817,309500.0,21455934059.0,7.0990936186803495,11103.0,66.4929745764565,2.40963855421687,0.0,72.3920261203777,6.230469663408598,,,,,,,,
Pakistan,PAK,79.1,12.0,49.741,3514.8136524113715,6.5,3673.164397771828,5.997638176704072,770880.0,16924818319.999998,3.64525520437771,-183933.0,55.5247007933819,21.3450292397661,47.0,34.0931793866356,58.0808303918694,,,,,,,,
Panama,PAN,84.8,11.0,60.022,11684.555023096398,17.3496,20394.36501252136,2.174703282064499,74340.0,928185629.0,,4087.0,64.0088686763607,16.6666666666667,22.1,64.355408255933,34.73310243968804,6128.0,951.0,66.86,882.0,-51.0,912.0,826.0,232.0
Peru,PER,80.2,12.0,72.965,7213.596060315906,20.7,16985.654155406843,7.656248078896823,1280000.0,23219629215.0,1.45621492625964,-231851.0,62.7268624174041,29.1666666666667,38.7,75.2766672012397,55.5520413210228,4811.0,875.0,66.46,668.0,-73.0,895.0,675.0,0.42
Philippines,PHL,80.2,10.0,58.93,4578.70630898161,5.74059,10572.82492944262,5.111586662950373,298170.0,46967499471.0,1.2590953916093,-566647.0,59.8754006664761,15.2542372881356,33.3,41.8308558715226,41.9075334179743,4.67,795.0,61.36,828.0,61.0,841.0,756.0,
Poland,POL,99.8,10.0,46.718,15204.880989054484,44.58,21442.466165278776,1.7515345135689555,306320.0,110673169085.0,1.9136927914289,-68882.0,70.5864952865774,20.4347826086957,7.2,61.4199688499096,25.6330414373936,,,,,,,,
Portugal,PRT,100.0,9.0,57.301,24677.2834629922,38.01,28758.15840570643,3.184541488347321,91470.0,44272761666.0,1.51208523296058,16754.0,66.7340309688601,21.304347826087,22.3,59.0340947058419,16.841669080889208,5405.0,905.0,68.34,882.0,-182.0,0.88,647.0,333.0
Paraguay,PRY,96.7,9.0,63.508,8560.739251354637,7.96207,23441.12336183583,8.8558326538908,397300.0,3297490240.0,0.7934551349338179,-44568.0,60.3732506713035,10.0,66.5,59.0202286834627,47.9147693419074,4.73,895.0,64.88,691.0,58.0,841.0,752.0,303.0
West Bank and Gaza,PSE,99.7,10.0,31.285,3354.4284658708107,18.41,9963.027454025088,5.393123068875255,6020.0,341578234.0,,-23445.0,52.9864919881397,,18.1,81.7611786265942,36.8655731092649,4716.0,818.0,61.78,547.0,,858.0,492.0,431.0
Qatar,QAT,100.0,9.0,83.018,127180.71019978252,28.9741,142443.66580206374,8.361613535489298,11610.0,30648361539.0,1.75050764857182,204236.0,78.6879735534743,0.0,0.1,97.5827378795062,0.5143397806765835,,,,,,,,
Romania,ROU,95.9,10.0,46.9,10906.868340481797,24.66,16190.318259727312,10.606579357101722,229980.0,31810828170.0,1.8451254600122693,-132777.0,69.1120834513369,11.178247734139,17.4,53.2566380678272,23.6757686325431,,,,,,,,
Russian Federation,RUS,98.1,9.0,56.908,14912.234375,18.0233,18087.146234908825,15.120406631676444,16377740.0,289567605222.0,3.24635723405838,308370.0,71.1526373492373,9.84340044742729,3.5,73.2439193725586,5.63966112998212,4964.0,895.0,58.74,643.0,-0.31,935.0,534.0,232.0
Rwanda,RWA,11.4,6.0,54.058,1002.2894938842784,,3189.4072006704896,2.4616032741659097,24670.0,143083890.0,1.64391043145822,-34008.0,54.436047825813,48.75,90.6,16.9110139245047,45.21430379067321,4215.0,718.0,53.5,915.0,,299.0,701.0,189.0
Saudi Arabia,SAU,100.0,9.0,45.323,54638.75889251293,19.4596,140568.21523904623,11.005334090961751,2149690.0,319249150976.0,7.84836521143522,504661.0,65.81333812756,0.0,0.0,81.2008588083072,4.035769556704245,,,,,,,,
Sudan,SDN,30.8,6.0,41.478,3637.32666015625,,7382.144370474748,7.652254305265288,,5623282052.0,3.6405121940265897,-211387.0,52.0431017520236,17.7777777777778,69.2,32.4702930558327,39.3118871873968,,,,,,,,
Senegal,SEN,49.9,11.0,48.622,2422.09761798858,5.61174,5374.72337467022,2.8854920019692827,192530.0,1138951518.0,1.27105687032274,-64254.0,53.713480354444,19.1666666666667,43.4,42.2046413043069,66.85794119864471,4417.0,0.76,55.5,736.0,-56.0,805.0,687.0,225.0
Singapore,SGP,100.0,6.0,63.12,64060.56860424245,59.0,92953.83347982136,1.844183013644198,694.0,271076871167.0,3.92291119365444,135625.0,76.2372199322087,21.1764705882353,0.5,100.0,10.012243003582403,6463.0,904.0,71.58,757.0,134.0,,689.0,267.0
Sierra Leone,SLE,12.2,9.0,61.845,1697.6968042127812,0.227669,7464.3327331431965,26.036675278889376,72180.0,26375606.0,0.890937353042299,-34052.0,52.9164635362717,14.5161290322581,84.4,37.1703805343647,89.07961148381975,3628.0,561.0,46.28,679.0,0.1,836.0,535.0,381.0
El Salvador,SLV,89.2,9.0,56.919,5694.523308840913,5.5,9393.317462244102,4.332692267458626,20720.0,3729672150.0,0.8881311059013529,-85789.0,59.0862499072234,16.6666666666667,34.8,61.9068679391763,36.52607659529621,5701.0,878.0,65.12,683.0,-59.0,807.0,813.0,233.0
"Somalia, Fed. Rep.",SOM,15.2,,27.971,659.1375805041808,1.10022,,-6.86776599883062,627340.0,319093273.0,,-67200.0,48.9117832109995,7.80669144981413,93.5,35.9982083823331,49.90599860644839,,,,,,,,
Serbia,SRB,99.6,8.0,42.276,9877.19765360983,27.2,15641.5508367594,13.839222660545431,87460.0,5721299003.0,2.11742898352372,8018.0,67.5588624134789,12.0,15.3,58.1709152910668,32.75436854742212,,,,,,,,
South Sudan,SSD,,,65.119,,,,,,,,153926.0,52.6573941677496,,,16.9509881842643,79.995692277832,,,,,,,,
Suriname,SUR,91.0,6.0,45.914,10802.548184543151,9.49963,31813.82801187476,39.03612463190481,160507.61,394163853.0,,-1403.0,63.5235058486049,25.4901960784314,22.1,66.6967982269052,18.01133467270381,,,,,,,,
Slovak Republic,SVK,99.9,10.0,51.151,18905.719577233485,56.08,21660.45184984305,2.895539488184568,48100.0,41892761784.0,1.594347802785,-549.0,71.7100973321535,20.0,6.6,55.2464278407442,10.931606913800325,5265.0,954.0,65.62,542.0,-51.0,946.0,586.0,308.0
Slovenia,SVN,100.0,9.0,55.928,25571.066947368967,54.01,39817.246824064416,2.2236024840312325,20140.0,22927012899.0,1.55085054600912,6081.0,70.3131224683168,12.2222222222222,17.4,50.5672552816963,15.73839539701569,5811.0,936.0,68.56,936.0,39.0,708.0,608.0,307.0
Sweden,SWE,100.0,9.0,58.86,37671.67478214437,87.76,114563.24650861346,1.7459961021775996,407339.7,146986950301.0,1.31996199535912,51675.0,65.5453816329562,47.2779369627507,40.1,84.4553200620359,8.14175862455872,,,,,,,,
Eswatini,SWZ,35.2,,37.897,6319.414443082809,3.69654,18473.948738546693,3.548498842270803,17200.0,1463309144.0,1.6728934481594098,-10923.0,56.5386523501617,10.7692307692308,66.8,22.1505527018245,35.53090983774903,,,,,,,,
Syrian Arab Republic,SYR,99.5,9.0,42.067,,7.83255,6615.071141352955,9.096506323806436,183630.0,9684688094.0,4.39444682311126,682911.0,58.5246159391018,12.0,1.8,54.059770380523,35.00181854888592,,,,,,,,
Chad,TCD,5.1,10.0,65.694,2078.601670393994,0.581046,20434.20917044719,11.752069495397308,1259200.0,2364230323.0,2.1778414901217302,23052.0,48.9254348604165,6.45161290322581,83.7,21.7629797848529,91.536749069184,3435.0,724.0,47.08,306.0,26.0,961.0,571.0,263.0
Togo,TGO,27.9,10.0,55.763,1407.0682559629497,2.0,5038.493754501234,-0.5087632329781258,54390.0,326548753.0,,21724.0,55.4925712506022,8.64197530864197,79.7,35.795057579151,81.62563595468771,3202.0,435.0,50.24,628.0,-27.0,0.85,571.0,348.0
Thailand,THA,99.1,9.0,71.598,10912.44279263295,17.1607,14987.2621523019,5.104213273029103,510890.0,130232110691.0,0.9501232464594688,102362.0,70.5350660599038,8.67768595041322,20.5,39.4424037014582,53.8176024608438,5885.0,894.0,66.38,863.0,329.0,935.0,0.75,164.0
Tajikistan,TJK,98.6,9.0,46.96,1810.2912569732805,3.77241,4659.287118796837,21.06243886832857,139960.0,1439278975.0,,-30591.0,58.3906719121952,17.4603174603175,61.6,26.5321180842215,26.7504588853347,4613.0,724.0,60.5,702.0,-93.0,768.0,494.0,195.0
Turkmenistan,TKM,99.8,9.0,46.743,6163.850181543427,1.31957,,12.249959293056008,469930.0,5322642427.0,,7613.0,63.2526572459026,16.0,0.1,46.8060040482349,36.3171235709096,,,,,,,,
Trinidad and Tobago,TTO,100.0,6.0,62.37,27393.35054613065,30.0037,54511.41070967232,1.7292126588432666,5130.0,14149014666.0,0.621275873847403,-3684.0,72.9635651189595,19.4444444444444,0.6,55.1782455797922,16.187464059804498,5832.0,887.0,61.78,0.84,141.0,917.0,0.75,229.0
Tunisia,TUN,99.4,9.0,40.671,8728.657125498548,12.9864,,3.833826386590218,155360.0,11370071174.0,1.44636242435988,-24098.0,68.3112741520972,22.7513227513228,14.3,65.5209809651521,24.74274222776008,,,,,,,,
Turkiye,TUR,99.7,8.0,41.54,13555.335974862322,18.24,24358.859200029503,9.33056658598892,769630.0,81035344534.0,2.34016133817719,-190194.0,65.7028972351691,4.36363636363636,14.2,64.2873893939536,34.0668497411817,,,,,,,,
,,,,,,,,,,,,,,,,,,6189.0,882.0,68.68,0.63,-33.0,846.0,683.0,94.0
Tanzania,TZA,14.9,7.0,85.434,1706.54846191406,1.3,4257.5261499867465,5.510095287497236,885800.0,1864483147.0,0.792124010730679,-128231.0,52.3349957230943,30.4075235109718,89.9,25.3741033202009,88.2460846158209,3922.0,783.0,50.76,787.0,-27.0,649.0,725.0,209.0
Uganda,UGA,9.0,,72.245,1659.72529096776,2.52936,2695.704758542966,2.405620215419105,199810.0,925269661.0,1.50342601664363,-156232.0,47.7768383267718,29.8192771084337,94.2,14.5851520274647,78.48838434411473,3734.0,0.76,48.74,747.0,-42.0,807.0,552.0,254.0
Ukraine,UKR,99.5,11.0,52.009,7971.1962890625,4.50612,5840.963551404603,14.852495470839983,579360.0,37633560504.0,2.77159181333191,136442.0,70.1568599784412,8.66666666666667,1.8,68.0293347798948,19.04119198308483,4804.0,852.0,60.92,624.0,-263.0,929.0,551.0,249.0
Uruguay,URY,98.5,9.0,55.26,13179.388113404382,29.4,39298.95817992861,7.41439912975062,175020.0,3794159506.0,2.00617807800672,-13161.0,62.8989789197863,11.1111111111111,37.6,92.4845482788191,24.83832206459946,5786.0,912.0,66.78,807.0,-122.0,477.0,701.0,306.0
United States,USA,100.0,12.0,62.162,46301.98764855189,68.9312,,3.083848856910848,9161920.0,1034025200000.0,4.04134230166038,1347750.0,67.6574968223962,16.3218390804598,6.4,80.3713066436159,4.322023958876875,7182.0,965.0,66.78,911.0,,0.6,775.0,261.0
Uzbekistan,UZB,99.5,11.0,51.877,3955.976820759281,6.38832,4253.799981143914,23.46580828670244,435850.0,10155158826.0,,-29197.0,63.627292490834,17.5,0.8,51.4638817209862,37.70255949286728,5232.0,903.0,61.34,784.0,-122.0,609.0,0.65,195.0
"Venezuela, RB",VEN,99.3,14.0,59.278,18399.2533134456,15.2247,,17.904315549063597,882050.0,50199441616.0,1.9784922172232,-27240.0,63.3819339550877,17.9640718562874,15.6,88.6870816028803,30.85034279653978,6525.0,946.0,65.46,798.0,-35.0,646.0,837.0,178.0
Viet Nam,VNM,96.0,9.0,73.07,4237.400880947323,17.2546,6378.271770759007,8.568947976037663,312795.0,39137490294.0,1.93836458436365,482399.0,66.8690222585898,27.3092369477912,44.2,28.0458290558422,65.30059464564499,5294.0,888.0,64.18,886.0,-3.0,,657.0,204.0
Kosovo,XKX,,,,,,,,,,,-31202.0,64.3266687018791,,,37.6697481182649,,,,,,,,,
"Yemen, Rep.",YEM,55.8,9.0,36.253,3205.3082706390446,1.24782,40839.22615510526,13.588647275420968,527970.0,6582976388.0,4.30846709527936,13940.0,51.3459654231768,0.332225913621262,0.8,29.2379493450977,41.6267369663244,,,,,,,,
South Africa,ZAF,80.7,9.0,43.505,11250.179555872024,7.60714,19323.629263573093,6.064637014503077,1213090.0,52402732672.0,1.15387200554978,33159.0,64.2321344393528,32.75,9.3,60.5276465215157,11.40516826761418,5084.0,913.0,46.0,649.0,-92.0,,724.0,223.0
Zambia,ZMB,24.1,7.0,51.417,2377.992397782109,1.6,20282.772448131884,14.542252675954344,743390.0,3682885656.0,1.7439454502704,29517.0,51.0396879423339,14.6496815286624,89.7,37.8392213204204,82.8973147923693,4824.0,798.0,46.76,721.0,-9.0,785.0,664.0,226.0
Zimbabwe,ZWE,37.2,7.0,62.528,2453.7564236972203,2.4,6405.048732453784,-2.0180806610126183,386850.0,939323747.0,1.98624247635426,-57257.0,54.7906353408732,16.6666666666667,78.7,32.6640794641194,66.99279697340599,3826.0,822.0,40.4,431.0,-0.06,905.0,669.0,297.0
